Location of death (city),State,Latitude,Longitude,Agency or agencies involved,Highest level of force
Ontario,CA,34.0482994,-117.56993,Fontana Police Department,Vehicle
Ontario,CA,34.0482994,-117.56993,Fontana Police Department,Vehicle
Highland,CA,34.1218373,-117.16072,San Bernardino County Sheriff's Office,Vehicle
Highland,CA,34.1218373,-117.16072,San Bernardino County Sheriff's Office,Vehicle
Salinas,CA,36.7443199,-121.65705,Salinas Police Department,Vehicle
Soledad,CA,36.4203388,-121.32273,"Greenfield Police Department, Soledad Police Department",Vehicle
Sacramento,CA,38.468698,-121.41708,Elk Grove Police Department,Vehicle
Olivehurst,CA,39.0918537,-121.55166,Yuba County Sheriff's Office,Vehicle
Olivehurst,CA,39.0918537,-121.55166,Yuba County Sheriff's Office,Vehicle
Los Angeles,CA,34.0633282,-118.31405,Los Angeles Police Department,Vehicle
Redding,CA,40.5710772,-122.35805,Redding Police Department,Vehicle
Sacramento,CA,38.5108711,-121.3349,Sacramento Police Department,Vehicle
Goleta,CA,34.432468,-119.8967,California Highway Patrol,Vehicle
Goleta,CA,34.432468,-119.8967,California Highway Patrol,Vehicle
Goleta,CA,34.432468,-119.8967,California Highway Patrol,Vehicle
Galt,CA,38.336137,-121.33217,Galt Police Department,Vehicle
Chico,CA,39.725624,-121.79656,Chico Police Department,Vehicle
Millbrae,CA,37.6031455,-122.38149,Millbrae Police Department,Vehicle
Ukiah,CA,39.0961293,-123.18818,Ukiah Police Department,Vehicle
Novato,CA,38.0665221,-122.53695,California Highway Patrol,Vehicle
Fontana,CA,34.0703993,-117.4264,Fontana Police Department,Vehicle
Ceres,CA,37.6092359,-120.95704,Ceres Police Department,Vehicle
Clovis,CA,36.8371716,-119.53956,"Clovis Police Department, Fresno County Sheriff's Office",Vehicle
Santa Maria,CA,34.8507666,-120.45313,U.S. Space Force,Vehicle
Los Angeles,CA,34.016217,-118.34068,Los Angeles Police Department,Vehicle
Fontana,CA,30.5279551,-99.852996,California Highway Patrol,Vehicle
San Diego,CA,32.56536,-117.07339,San Diego Police Department,Vehicle
Whittier,CA,34.031877,-118.02264,Los Angeles County Sheriff's Department,Vehicle
Stockton,CA,37.9813642,-121.29984,Stockton Police Department,Vehicle
Fresno,CA,36.7417809,-119.79153,California Highway Patrol,Vehicle
Hayward,CA,37.688823,-122.10764,California Highway Patrol,Vehicle
Inglewood,CA,33.9613158,-118.37186,California Highway Patrol,Vehicle
Inglewood,CA,33.9613158,-118.37186,California Highway Patrol,Vehicle
San Jose,CA,37.3158536,-121.99571,Santa Clara County Sheriff's Office,Vehicle
San Jose,CA,37.3158536,-121.99571,Santa Clara County Sheriff's Office,Vehicle
Bakersfield,CA,35.4126892,-118.96765,California Highway Patrol,Vehicle
Tustin,CA,33.6999162,-117.82081,Tustin Police Department,Vehicle
Santa Cruz,CA,36.988339,-122.00146,California Highway Patrol,Vehicle
Burlingame,CA,37.600196,-122.37693,San Mateo County Sheriff's Office,Vehicle
Vallejo,CA,38.1087219,-122.20311,Vallejo Police Department,Vehicle
Highland,CA,34.1285742,-117.2262,San Bernardino County Sheriff's Office,Vehicle
Industry,CA,34.0197335,-117.95868,"San Bernardino County Sheriff's Office, California Highway Patrol",Vehicle
View Park-Windsor Hills,CA,33.9904755,-118.35378,"Culver City Police Department, Los Angeles County Sheriff's Department",Vehicle
Thornton,CA,38.225198,-121.4304,California Highway Patrol,Vehicle
Thornton,CA,38.225198,-121.4304,California Highway Patrol,Vehicle
Thornton,CA,38.225198,-121.4304,California Highway Patrol,Vehicle
Fresno,CA,36.7651781,-119.75453,Fresno County Sheriff's Office,Vehicle
Fresno,CA,36.7651781,-119.75453,Fresno County Sheriff's Office,Vehicle
Fresno,CA,36.7651781,-119.75453,Fresno County Sheriff's Office,Vehicle
Garden Grove,CA,33.7959107,-117.94137,Garden Grove Police Department,Vehicle
Garden Grove,CA,33.7959107,-117.94137,Garden Grove Police Department,Vehicle
Garden Grove,CA,33.7959107,-117.94137,Garden Grove Police Department,Vehicle
Fresno,CA,36.822757,-119.82645,Fresno Police Department,Vehicle
Los Angeles,CA,34.0715342,-118.36142,Los Angeles County Sheriff's Department,Vehicle
Orange Cove,CA,36.6174295,-119.30483,Orange Cove Police Department,Vehicle
San Pablo,CA,37.9912682,-122.33161,San Pablo Police Department,Vehicle
Escondido,CA,33.1361006,-117.07046,Escondido Police Department,Vehicle
Escondido,CA,33.1361006,-117.07046,Escondido Police Department,Vehicle
Spring Valley,CA,32.7147479,-117.01269,San Diego County Sheriff's Office,Vehicle
Monterey Park,CA,34.0447315,-118.16612,Los Angeles Police Department,Vehicle
Red Bluff,CA,40.1628619,-122.23787,Red Bluff Police Department,Vehicle
Pomona,CA,34.0336228,-117.73617,Pomona Police Department,Vehicle
Fontana,CA,34.136473,-117.4709,Fontana Police Department,Vehicle
Milpitas,CA,37.4418992,-121.88635,Milpitas Police Department,Vehicle
San Francisco,CA,37.812331,-122.36289,California Highway Patrol,Vehicle
Van Nuys,CA,33.8138612,-118.16842,California Highway Patrol,Vehicle
Vallejo,CA,38.122499,-122.2222,American Canyon Police Department,Vehicle
Fresno,CA,36.822851,-119.80838,Fresno Police Department,Vehicle
Fresno,CA,36.822851,-119.80838,Fresno Police Department,Vehicle
Fresno,CA,36.822851,-119.80838,Fresno Police Department,Vehicle
Fresno,CA,36.822851,-119.80838,Fresno Police Department,Vehicle
Torrance,CA,33.8729348,-118.30917,Gardena Police Department,Vehicle
Oakland,CA,37.784219,-122.18821,Oakland Police Department,Vehicle
Bakersfield,CA,35.150241,-118.99721,Arvin Police Department,Vehicle
Bakersfield,CA,35.150241,-118.99721,Arvin Police Department,Vehicle
Bakersfield,CA,35.150241,-118.99721,Arvin Police Department,Vehicle
Bakersfield,CA,35.150241,-118.99721,Arvin Police Department,Vehicle
Hemet,CA,33.7510679,-116.98915,Hemet Police Department,Vehicle
Santa Ana,CA,33.7557695,-117.87829,Santa Ana Police Department,Vehicle
Santa Clarita,CA,34.4555843,-118.51182,California Highway Patrol,Vehicle
Colton,CA,34.0519165,-117.27871,San Bernardino County Sheriff's Office,Vehicle
North Highlands,CA,38.6541334,-121.38304,Sacramento County Sheriff's Office,Vehicle
San Diego,CA,32.711528,-117.10762,San Diego Police Department,Vehicle
San Diego,CA,32.711528,-117.10762,San Diego Police Department,Vehicle
San Diego,CA,32.711528,-117.10762,San Diego Police Department,Vehicle
Anderson,CA,40.4890583,-122.35773,Anderson Police Department,Vehicle
Murrieta,CA,33.5559559,-117.20475,Murrieta Police Department,Vehicle
Moorpark,CA,34.2833387,-118.86047,"California Highway Patrol, Ventura County Sheriff's Office",Vehicle
Newport Beach,CA,33.621356,-117.92562,Huntington Beach Police Department,Vehicle
Tracy,CA,37.763195,-121.43791,California Highway Patrol,Vehicle
Tracy,CA,37.763195,-121.43791,California Highway Patrol,Vehicle
Tracy,CA,37.763195,-121.43791,California Highway Patrol,Vehicle
Tracy,CA,37.763195,-121.43791,California Highway Patrol,Vehicle
Moreno Valley,CA,33.8811006,-117.23484,Riverside County Sheriff's Department,Vehicle
Lancaster,CA,34.6821642,-118.14795,Los Angeles County Sheriff's Department,Vehicle
Fresno,CA,36.7316957,-119.79811,Fresno Police Department,Vehicle
Dana Point,CA,33.4706746,-117.71328,Alpharetta Police Department,Vehicle
San Francisco,CA,37.7127341,-122.43198,San Francisco Police Department,Vehicle
Red Bluff,CA,39.9555016,-122.35553,"Red Bluff Police Department, Tehama County Sheriff's Office",Vehicle
Santa Rosa,CA,38.4181657,-122.71316,Santa Rosa Police Department,Vehicle
Oroville,CA,39.5814238,-121.68878,California Highway Patrol,Vehicle
Garden Grove,CA,33.7884687,-117.97533,Orange County Sheriff's Office,Vehicle
Garden Grove,CA,33.7884687,-117.97533,Orange County Sheriff's Office,Vehicle
Torrance,CA,33.8583952,-118.32785,Los Angeles County Sheriff's Department,Vehicle
San Bernardino,CA,34.108314,-117.32772,San Bernardino Police Department,Vehicle
San Bernardino,CA,34.108314,-117.32772,San Bernardino Police Department,Vehicle
Red Bluff,CA,40.1942814,-122.2388,California Highway Patrol,Vehicle
Palmdale,CA,34.557522,-118.10601,Los Angeles County Sheriff's Department,Vehicle
Los Angeles,CA,33.9858795,-118.30024,Los Angeles Police Department,Vehicle
Vacaville,CA,38.3355797,-121.98521,California Highway Patrol,Vehicle
Vacaville,CA,38.3355797,-121.98521,California Highway Patrol,Vehicle
Tulare,CA,36.2119997,-119.35572,Visalia Police Department,Vehicle
Long Beach,CA,33.7950264,-118.19809,Long Beach Police Department,Vehicle
Crockett,CA,38.0552532,-122.22692,California Highway Patrol,Vehicle
Fresno,CA,36.7577101,-119.78152,Fresno Police Department,Vehicle
Fresno,CA,36.7721345,-119.80862,Fresno Police Department,Vehicle
Fresno,CA,36.7721345,-119.80862,Fresno Police Department,Vehicle
San Bernardino,CA,34.1287064,-117.32256,San Bernardino Police Department,Vehicle
Lakeview,CA,33.838657,-117.11832,Riverside County Sheriff's Department,Vehicle
San Bernardino,CA,34.121337,-117.27192,San Bernardino Police Department,Vehicle
Newport Beach,CA,33.6102837,-117.92884,Newport Beach Police Department,Vehicle
Union City,CA,37.5944173,-122.02275,Union City Police Department,Vehicle
San Antonio Heights,CA,34.1514211,-117.66106,Upland Police Department,Vehicle
Riverside,CA,33.89768,-117.48795,Riverside Police Department,Vehicle
Long Beach,CA,33.8545555,-118.18529,Long Beach Police Department,Vehicle
Vallejo,CA,38.085612,-122.20997,Vallejo Police Department,Vehicle
Los Angeles,CA,33.9833754,-118.31345,Los Angeles Police Department,Vehicle
Los Angeles,CA,33.9833754,-118.31345,Los Angeles Police Department,Vehicle
San Mateo,CA,37.586361,-122.32963,San Mateo Police Department,Vehicle
Diamond Bar,CA,34.0395753,-117.80025,Pomona Police Department,Vehicle
Berkeley,CA,37.8683069,-122.29769,University of California - Berkeley Police,Vehicle
Fresno,CA,36.832998,-119.97052,Fresno Police Department,Vehicle
Oakland,CA,37.8101869,-122.24882,Piedmont Police Department,Vehicle
Carlsbad,CA,33.16761,-117.34431,Oceanside Police Department,Vehicle
Carlsbad,CA,33.16761,-117.34431,Oceanside Police Department,Vehicle
Kentfield,CA,37.9475127,-122.52525,California Highway Patrol,Vehicle
Modesto,CA,37.6530626,-120.95741,Ceres Police Department,Vehicle
La Mesa,CA,32.7753165,-117.03151,La Mesa Police Department,Vehicle
Chula Vista,CA,32.6240719,-117.07237,Chula Vista Police Department,Vehicle
Los Angeles,CA,34.074801,-118.27319,Los Angeles Police Department,Vehicle
Los Angeles,CA,34.074801,-118.27319,Los Angeles Police Department,Vehicle
Los Angeles,CA,34.074801,-118.27319,Los Angeles Police Department,Vehicle
Hemet,CA,33.7727629,-117.00669,"Hemet Police Department, San Bernardino County Sheriff's Office",Vehicle
West Covina,CA,34.0616329,-117.93179,West Covina Police Department,Vehicle
West Covina,CA,34.0616329,-117.93179,West Covina Police Department,Vehicle
Chula Vista,CA,32.6136514,-117.05555,Chula Vista Police Department,Vehicle
Cottonwood,CA,40.406317,-122.28195,Anderson Police Department,Vehicle
La Verne,CA,34.1068048,-117.75974,La Verne Police Department,Vehicle
La Verne,CA,34.1068048,-117.75974,La Verne Police Department,Vehicle
Santa Clara,CA,37.3598259,-121.99591,"Sunnyvale Police Department, Santa Clara Police Department",Vehicle
Napa,CA,38.3422639,-122.29688,"Napa Police Department, Napa County Sheriff's Office",Vehicle
Sutter,CA,39.1465749,-121.83181,"Colusa County Sheriff's Office, Colusa Police Department",Vehicle
Sutter,CA,39.1465749,-121.83181,"Colusa County Sheriff's Office, Colusa Police Department",Vehicle
Newark,CA,37.5370522,-122.01908,Fremont Police Department,Vehicle
Antioch,CA,37.9981157,-121.82225,Antioch Police Department,Vehicle
Northridge,CA,34.2254127,-118.53539,California Highway Patrol,Vehicle
Northridge,CA,34.2254127,-118.53539,California Highway Patrol,Vehicle
Fresno,CA,36.7864345,-119.80863,Fresno County Sheriff's Office,Vehicle
Modesto,CA,37.637603,-120.98959,Modesto Police Department,Vehicle
Modesto,CA,37.637603,-120.98959,Modesto Police Department,Vehicle
San Jose,CA,37.294744,-121.81004,California Highway Patrol,Vehicle
Tustin,CA,33.741516,-117.83442,California Highway Patrol,Vehicle
Los Angeles,CA,34.0558471,-118.24009,California Highway Patrol,Vehicle
Los Angeles,CA,34.0558471,-118.24009,California Highway Patrol,Vehicle
Chowchilla,CA,37.0930041,-120.28928,California Highway Patrol,Vehicle
Garden Grove,CA,33.7596182,-117.95503,Los Angeles County Sheriff's Department,Vehicle
Long Beach,CA,33.7680885,-118.15895,Long Beach Police Department,Vehicle
Woodland,CA,38.7092247,-121.7466,Woodland Police Department,Vehicle
San Francisco,CA,37.785071,-122.39231,California Highway Patrol,Vehicle
Anderson,CA,40.459005,-122.29818,Anderson Police Department,Vehicle
North Sacramento,CA,38.6443165,-121.47654,Sacramento Police Department,Vehicle
Fresno,CA,36.7759126,-119.78154,Fresno Police Department,Vehicle
San Diego,CA,32.5675122,-116.94076,U.S. Border Patrol,Vehicle
San Diego,CA,32.5675122,-116.94076,U.S. Border Patrol,Vehicle
Whittier,CA,33.965854,-118.03742,Whittier Police Department,Vehicle
Stockton,CA,37.9847386,-121.33988,California Highway Patrol,Vehicle
San Jose,CA,37.2455274,-121.89198,San Jose Police Department,Vehicle
Moreno Valley,CA,33.9431935,-117.08355,Beaumont Police Department,Vehicle
Sacramento,CA,38.578489,-121.48209,California Highway Patrol,Vehicle
Porterville,CA,36.1042535,-119.04316,Tulare County Sheriff's Office,Vehicle
Boulevard,CA,32.705447,-116.36108,U.S. Border Patrol,Vehicle
Boulevard,CA,32.705447,-116.36108,U.S. Border Patrol,Vehicle
Boulevard,CA,32.705447,-116.36108,U.S. Border Patrol,Vehicle
San Pablo,CA,37.9626838,-122.34543,Contra Costa Sheriff's Office,Vehicle
Fallbrook,CA,33.40731,-117.16458,California Highway Patrol,Vehicle
Fallbrook,CA,33.40731,-117.16458,California Highway Patrol,Vehicle
Fresno,CA,36.7646949,-119.82679,"Fresno County Sheriff's Office, Fresno Police Department",Vehicle
Goleta,CA,34.465718,-120.06905,Lompoc Police Department,Vehicle
Riverside,CA,34.0266995,-117.37723,Riverside County Sheriff's Department,Vehicle
Modesto,CA,37.6499014,-120.92118,Stanislaus County Sheriff's Office,Vehicle
Santa Ana,CA,33.742311,-117.84492,Orange County Sheriff's Office,Vehicle
El Cajon,CA,32.7954703,-116.93582,California Highway Patrol,Vehicle
Richmond,CA,37.9908652,-122.33264,Contra Costa County Sheriff's Office,Vehicle
Culver City,CA,34.010162,-118.41641,Culver City Police Department,Vehicle
Chico,CA,39.718162,-121.71975,Chico Police Department,Vehicle
Orinda,CA,37.8781397,-122.18291,Contra Costa County Sheriff's Office,Vehicle
Orange,CA,33.845723,-117.84318,California Highway Patrol,Vehicle
South Gate,CA,33.9497599,-118.17,Bell Gardens Police Department,Vehicle
Riverside,CA,33.9536703,-117.3832,Riverside Police Department,Vehicle
Beale AFB,CA,39.1186038,-121.38641,Nevada County Sheriff's Office,Vehicle
Encinitas,CA,33.0487761,-117.29425,San Diego County Sheriff's Office,Vehicle
Valley Springs,CA,38.2061313,-120.78989,"Calaveras County Sheriff's Office, California Highway Patrol",Vehicle
Emeryville,CA,37.8285017,-122.28033,San Francisco Police Department,Vehicle
Porterville,CA,36.0651024,-119.00835,"Lindsay Police Department, Tulare County Sheriff's Office, California Highway Patrol",Vehicle
Porterville,CA,36.0651024,-119.00835,"Lindsay Police Department, Tulare County Sheriff's Office, California Highway Patrol",Vehicle
Valley Center,CA,33.2809845,-116.95441,San Diego County Sheriff's Office,Vehicle
Valley Center,CA,33.2809845,-116.95441,San Diego County Sheriff's Office,Vehicle
Delano,CA,35.7656527,-119.32206,U.S. Immigration and Customs Enforcement,Vehicle
Delano,CA,35.7656527,-119.32206,U.S. Immigration and Customs Enforcement,Vehicle
Palmdale,CA,34.5872166,-118.14755,Los Angeles County Sheriff's Department,Vehicle
Claremont,CA,34.119847,-117.70734,California Highway Patrol,Vehicle
Antioch,CA,38.0022316,-121.83934,Contra Costa County Sheriff's Office,Vehicle
Antioch,CA,38.0022316,-121.83934,Contra Costa County Sheriff's Office,Vehicle
Los Angeles,CA,33.9459516,-118.30029,Gardena Police Department,Vehicle
Livingston,CA,37.3911563,-120.73837,Merced Police Department,Vehicle
Malibu,CA,34.025053,-118.77248,Los Angeles County Sheriff's Department,Vehicle
Anaheim,CA,33.8393431,-117.79109,Orange County Sheriff's Department,Vehicle
Anaheim,CA,33.8393431,-117.79109,Orange County Sheriff's Department,Vehicle
Los Angeles,CA,34.0239673,-118.19232,Los Angeles County Sheriff's Department,Vehicle
Perris,CA,33.8011767,-117.22604,Riverside County Sheriff's Department,Vehicle
Los Angeles,CA,34.0239673,-118.19232,Los Angeles County Sheriff's Department,Vehicle
Long Beach,CA,33.8190442,-118.19595,Long Beach Police Department,Vehicle
Rancho Bernardo,CA,33.0186445,-117.07526,U.S. Customs and Border Protection,Vehicle
Rancho Bernardo,CA,33.0186445,-117.07526,U.S. Customs and Border Protection,Vehicle
Rancho Bernardo,CA,33.0186445,-117.07526,U.S. Customs and Border Protection,Vehicle
Ontario,CA,34.0687538,-117.55897,San Bernardino County Sheriff's Office,Vehicle
Daly City,CA,37.689683,-122.46628,Daly City Police Department,Vehicle
Stockton,CA,37.9415112,-121.27054,Stockton Police Department,Vehicle
Santa Ana,CA,33.7155598,-117.89288,Santa Ana Police Department,Vehicle
Sunnyvale,CA,37.3975948,-122.01236,Santa Clara County Sheriff's Office,Vehicle
Hollywood,CA,34.1016656,-118.32237,Los Angeles Police Department,Vehicle
Hollywood,CA,34.1016656,-118.32237,Los Angeles Police Department,Vehicle
Concord,CA,37.968509,-121.96461,Clayton Police Department,Vehicle
Escondido,CA,33.1271978,-117.06552,Escondido Police Department,Vehicle
Escondido,CA,33.1271978,-117.06552,Escondido Police Department,Vehicle
North Highlands,CA,38.690398,-121.38281,Sacramento County Sheriff's Office,Vehicle
Montebello,CA,34.0327936,-118.12505,Montebello Police Department,Vehicle
Tulare,CA,36.2256452,-119.35197,Tulare Police Department,Vehicle
Stockton,CA,38.0211229,-121.33611,Stockton Police Department,Vehicle
Stockton,CA,38.0211229,-121.33611,Stockton Police Department,Vehicle
Petaluma,CA,38.2292318,-122.57048,Petaluma Police Department,Vehicle
National City,CA,32.6798787,-117.08011,San Diego Police Department,Vehicle
Woodland,CA,38.6883268,-121.77049,Woodland Police Department,Vehicle
National City,CA,32.674278,-117.08518,National City Police Department,Vehicle
Torrance,CA,33.8312067,-118.33996,Torrance Police Department,Vehicle
Lake Forest,CA,33.6346113,-117.67759,Orange County Sheriff's Department,Vehicle
Fresno,CA,36.8227461,-119.82628,Fresno County Sheriff's Office,Vehicle
Folsom,CA,38.6776156,-121.17669,Sacramento County Sheriff's Office,Vehicle
Sunnyvale,CA,37.3523554,-122.01222,California Highway Patrol,Vehicle
Roseville,CA,38.797405,-121.30792,Placer County Sheriff's Office,Vehicle
Roseville,CA,38.797405,-121.30792,Placer County Sheriff's Office,Vehicle
Santa Rosa,CA,38.4277298,-122.76912,Santa Rosa Police Department,Vehicle
Stockton,CA,38.0185417,-121.32996,Stockton Police Department,Vehicle
Phelan,CA,34.3060892,-117.44768,Huntington Beach Police Department,Vehicle
Manteca,CA,37.7849399,-121.25139,Manteca Police Department,Vehicle
Bakersfield,CA,35.3520801,-118.954,Bakersfield Police Department,Vehicle
Orland,CA,39.7474507,-122.20543,California Highway Patrol,Vehicle
Pittsburg,CA,38.0142826,-121.91197,Pittsburg Police Department,Vehicle
Lemoore,CA,36.2648817,-119.87136,California Highway Patrol,Vehicle
Lemoore,CA,36.2648817,-119.87136,California Highway Patrol,Vehicle
San Bernardino,CA,34.1008423,-117.31384,San Bernardino County Sheriff's Office,Vehicle
San Bernardino,CA,34.1008423,-117.31384,San Bernardino County Sheriff's Office,Vehicle
Plymouth,CA,38.4576473,-120.92747,California Highway Patrol,Vehicle
Los Angeles,CA,34.0108183,-118.32238,Los Angeles Police Department,Vehicle
San Bernardino,CA,34.1083812,-117.30094,San Bernardino Police Department,Vehicle
Stevinson,CA,37.3276498,-120.85112,Merced County Sheriff's Office,Vehicle
San Francisco,CA,37.7700787,-122.407,California Highway Patrol,Vehicle
San Francisco,CA,37.7700787,-122.407,California Highway Patrol,Vehicle
San Francisco,CA,37.7700787,-122.407,California Highway Patrol,Vehicle
Buena Park,CA,33.855304,-118.01228,California Highway Patrol,Vehicle
Hollywood,CA,34.1016656,-118.32237,Los Angeles Police Department,Vehicle
Hollywood,CA,34.1016656,-118.32237,Los Angeles Police Department,Vehicle
Hesperia,CA,34.4229276,-117.31094,San Bernardino County Sheriff's Office,Vehicle
Moreno Valley,CA,33.9171116,-117.26122,Beaumont Police Department,Vehicle
Encinitas,CA,33.0098668,-117.26632,"U.S. Border Patrol, California Highway Patrol",Vehicle
Encinitas,CA,33.0098668,-117.26632,"U.S. Border Patrol, California Highway Patrol",Vehicle
Encinitas,CA,33.0098668,-117.26632,"U.S. Border Patrol, California Highway Patrol",Vehicle
Antioch,CA,38.0049182,-121.76464,Contra Costa County Sheriff's Office,Vehicle
Garden Grove,CA,33.7888591,-117.91122,"California Highway Patrol, Garden Grove Police Department",Vehicle
Hughson,CA,37.6156333,-120.89282,Stanislaus County Sheriff's Office,Vehicle
Los Angeles,CA,34.0229283,-118.2824,Los Angeles Police Department,Vehicle
Dunnigan,CA,38.891675,-121.98072,California Highway Patrol,Vehicle
San Ramon,CA,37.762697,-121.95709,Danville Police Department,Vehicle
Paradise,CA,39.7513617,-121.62543,Paradise Police Department,Vehicle
San Jose,CA,37.3167881,-121.95507,California Highway Patrol,Vehicle
Culver City,CA,34.0232793,-118.39877,Los Angeles Police Department,Vehicle
Lemoore,CA,36.3439683,-119.85129,California Highway Patrol,Vehicle
Lemoore,CA,36.3439683,-119.85129,California Highway Patrol,Vehicle
West Hollywood,CA,34.0849456,-118.38411,Los Angeles County Sheriff's Department,Vehicle
Chula Vista,CA,32.6232014,-117.06379,Chula Vista Police Department,Vehicle
French Camp,CA,37.8855836,-121.27305,San Joaquin County Sheriff's Office,Vehicle
French Camp,CA,37.8855836,-121.27305,San Joaquin County Sheriff's Office,Vehicle
French Camp,CA,37.8855836,-121.27305,San Joaquin County Sheriff's Office,Vehicle
French Camp,CA,37.8855836,-121.27305,San Joaquin County Sheriff's Office,Vehicle
Antioch,CA,38.0028673,-121.83648,Pittsburg Police Department,Vehicle
Rialto,CA,34.1103801,-117.38348,Rialto Police Department,Vehicle
Gardena,CA,33.8928609,-118.27869,California Highway Patrol,Vehicle
Gardena,CA,33.8928609,-118.27869,California Highway Patrol,Vehicle
Fresno,CA,36.7710453,-119.723,Fresno County Sheriff's Office,Vehicle
Sacramento,CA,38.6028936,-121.5407,Sacramento Police Department,Vehicle
Bakersfield,CA,35.4195356,-119.03899,Kern County Sheriff's Office,Vehicle
Marysville,CA,39.1576723,-121.5889,Marysville Police Department,Vehicle
Orange,CA,33.809029,-117.86216,California Highway Patrol,Vehicle
Modesto,CA,37.6575071,-120.97101,Modesto Police Department,Vehicle
San Fernando,CA,34.2846942,-118.44226,Los Angeles Police Department,Vehicle
San Francisco,CA,37.7182878,-122.42587,San Francisco Police Department,Vehicle
Pomona,CA,34.0899017,-117.75284,Claremont Police Department,Vehicle
Orange,CA,33.7882008,-117.85303,California Highway Patrol,Vehicle
Sacramento,CA,38.6174645,-121.44041,Sacramento Police Department,Vehicle
Richmond,CA,37.9443638,-122.34546,Richmond Police Department,Vehicle
San Francisco,CA,37.7926612,-122.40444,San Francisco Police Department,Vehicle
Oroville,CA,39.3865514,-121.57656,Butte County Sheriff's Office,Vehicle
Los Angeles,CA,33.9632687,-118.27392,Los Angeles Police Department,Vehicle
Stockton,CA,37.953931,-121.27649,California Highway Patrol,Vehicle
Santa Rosa,CA,38.4147498,-122.71355,Sonoma County Sheriff's Office,Vehicle
Gardena,CA,33.9018922,-118.28528,Gardena Police Department,Vehicle
Marina Del Rey,CA,33.9774513,-118.43183,Los Angeles Police Department,Vehicle
Palm Desert,CA,33.7405846,-116.30392,California Highway Patrol,Vehicle
Santa Maria,CA,34.9221211,-120.43595,Santa Maria Police Department,Vehicle
Riverside,CA,33.9755225,-117.35963,Riverside Police Department,Vehicle
Oroville,CA,39.4490706,-121.55211,California Highway Patrol,Vehicle
San Francisco,CA,37.8088095,-122.36799,California Highway Patrol,Vehicle
Tustin,CA,33.7587603,-117.80202,California Highway Patrol,Vehicle
Tustin,CA,33.7587603,-117.80202,California Highway Patrol,Vehicle
Long Beach,CA,33.764447,-118.20692,Westminster Police Department,Vehicle
Brisbane,CA,37.700952,-122.40856,Daly City Police Department,Vehicle
Los Angeles,CA,34.0506023,-118.26168,Los Angeles County Sheriff's Department,Vehicle
Los Angeles,CA,34.0506023,-118.26168,Los Angeles County Sheriff's Department,Vehicle
Ashland,CA,37.698395,-122.11886,Alameda County Sheriff's Office,Vehicle
Anaheim,CA,33.8463617,-117.87122,Santa Ana Police Department,Vehicle
Visalia,CA,36.3369219,-119.28791,Visalia Police Department,Vehicle
Pixley,CA,35.9685764,-119.2917,California Highway Patrol,Vehicle
Glendale,CA,34.1516824,-118.14524,California Highway Patrol,Vehicle
Glendale,CA,34.1516824,-118.14524,California Highway Patrol,Vehicle
Bakersfield,CA,35.4267897,-119.02117,Kern County Sheriff's Office,Vehicle
Tulare,CA,36.1893268,-119.35777,Tulare County Sheriff's Office,Vehicle
Tulare,CA,36.1893268,-119.35777,Tulare County Sheriff's Office,Vehicle
Oakland,CA,37.7965647,-122.25646,Oakland Police Department,Vehicle
Castro Valley,CA,37.6955895,-122.07398,California Highway Patrol,Vehicle
Santa Cruz,CA,36.9949714,-122.02844,California Highway Patrol,Vehicle
San Francisco,CA,37.7876817,-122.41337,San Francisco Police Department,Vehicle
Los Angeles,CA,34.0325667,-118.34054,Los Angeles Police Department,Vehicle
Highland,CA,34.1213237,-117.24607,San Bernardino Police Department,Vehicle
Los Angeles,CA,34.0008492,-118.35909,Los Angeles Police Department,Vehicle
Colton,CA,34.0764603,-117.31385,Colton Police Department,Vehicle
San Francisco,CA,37.7814322,-122.39728,California Highway Patrol,Vehicle
Atwater,CA,37.3361062,-120.57662,Atwater Police Department,Vehicle
Sacramento,CA,38.580525,-121.4631,Sacramento Police Department,Vehicle
San Francisco,CA,37.745283,-122.40252,California Highway Patrol,Vehicle
Temple City,CA,34.0916045,-118.04281,Arcadia Police Department,Vehicle
Oakland,CA,37.733512,-122.17102,San Leandro Police Department,Vehicle
Danville,CA,37.8301298,-122.00081,Concord Police Department,Vehicle
El Cajon,CA,32.8001859,-116.93052,El Cajon Police Department,Vehicle
Inglewood,CA,33.9458089,-118.34934,,Vehicle
Westley,CA,37.5404719,-121.26601,,Vehicle
Modesto,CA,37.6400588,-120.95837,Modesto Police Department,Vehicle
Modesto,CA,37.6400588,-120.95837,Modesto Police Department,Vehicle
Modesto,CA,37.6400588,-120.95837,Modesto Police Department,Vehicle
Santa Monica,CA,34.0096602,-118.48724,Santa Monica Police Department,Vehicle
Westminster,CA,33.7664246,-118.00077,Westminster Police Department,Vehicle
Antelope,CA,38.7035275,-121.33791,Placer County Sheriff's Office,Vehicle
Antelope,CA,38.7035275,-121.33791,Placer County Sheriff's Office,Vehicle
Fremont,CA,37.5707765,-122.03242,Fremont Police Department,Vehicle
Stockton,CA,37.974532,-121.26069,California Highway Patrol,Vehicle
Claremont,CA,34.0813965,-117.71983,Montclair Police Department,Vehicle
San Leandro,CA,37.7261083,-122.15667,San Leandro Police Department,Vehicle
Arcata,CA,40.849052,-124.16537,Humboldt County Sheriff's Office,Vehicle
Oakland,CA,37.739175,-122.17977,"California Highway Patrol, Oakland Police Department",Vehicle
Nevada City,CA,39.2759321,-121.00445,Nevada City Police Department,Vehicle
Vallejo,CA,38.092759,-122.23152,Vallejo Police Department,Vehicle
Escalon,CA,37.8563854,-121.05396,San Joaquin County Sheriff's Office,Vehicle
French Camp,CA,37.8702009,-121.27865,Stockton Police Department,Vehicle
Anaheim,CA,33.8520823,-117.84413,Anaheim Police Department,Vehicle
Anaheim,CA,33.8520823,-117.84413,Anaheim Police Department,Vehicle
Salinas,CA,36.674392,-121.6467,Salinas Police Department,Vehicle
Highland,CA,34.1053815,-117.18264,Redlands Police Department,Vehicle
Rocklin,CA,38.770052,-121.24847,Sacramento Police Department,Vehicle
Covina,CA,34.1069977,-117.91442,Los Angeles County Sheriff's Department,Vehicle
Palmdale,CA,34.572679,-118.09831,Los Angeles County Sheriff's Department,Vehicle
Palmdale,CA,34.572679,-118.09831,Los Angeles County Sheriff's Department,Vehicle
Compton,CA,33.8807308,-118.23654,Los Angeles County Sheriff's Department,Vehicle
Compton,CA,33.8807308,-118.23654,Los Angeles County Sheriff's Department,Vehicle
Compton,CA,33.8807308,-118.23654,Los Angeles County Sheriff's Department,Vehicle
Compton,CA,33.8807308,-118.23654,Los Angeles County Sheriff's Department,Vehicle
Morongo Valley,CA,34.043814,-116.58445,San Bernardino County Sheriff's Office,Vehicle
Topanga,CA,34.1437445,-118.61417,Los Angeles County Sheriff's Department,Vehicle
Long Beach,CA,33.789889,-118.22497,Long Beach Police Department,Vehicle
Oceanside,CA,33.3522131,-117.52402,Orange County Sheriff's Department,Vehicle
Merced,CA,37.3014199,-120.49431,Merced Police Department,Vehicle
El Cajon,CA,32.8173058,-116.95993,El Cajon Police Department,Vehicle
Riverside,CA,33.929976,-117.44383,Riverside Police Department,Vehicle
Riverside,CA,33.929976,-117.44383,Riverside Police Department,Vehicle
Fullerton,CA,33.8702252,-117.94085,Fullerton Police Department,Vehicle
Buena Park,CA,33.8590245,-117.99174,Buena Park Police Department,Vehicle
Lower Lake,CA,38.9059863,-122.67137,Lake County Sheriff's Office,Vehicle
San Diego,CA,32.6992213,-117.14375,San Diego Police Department,Vehicle
Clayton,CA,37.8937399,-121.79357,Contra Costa County Sheriff's Office,Vehicle
Oakland,CA,37.7680635,-122.17958,Oakland Police Department,Vehicle
Chino Hills,CA,34.0141463,-117.74245,San Bernardino County Sheriff's Office,Vehicle
San Jose,CA,37.3669389,-121.91367,California Highway Patrol,Vehicle
San Jose,CA,37.3669389,-121.91367,California Highway Patrol,Vehicle
Palo Cedro,CA,40.546954,-122.24597,Shasta County Sheriff's Office,Vehicle
Fresno,CA,36.7743416,-119.7932,Fresno Police Department,Vehicle
Oakland,CA,37.7765225,-122.21385,Alameda County Sheriff's Office,Vehicle
San Bernardino,CA,34.064264,-117.29656,San Bernardino County Sheriff's Office,Vehicle
Newbury Park,CA,34.1618412,-118.95695,California Highway Patrol,Vehicle
Hawthorne,CA,33.9156036,-118.33809,Hawthorne Police Department,Vehicle
Fresno,CA,36.6921264,-119.8445,Fresno County Sheriff's Office,Vehicle
San Juan Bautista,CA,36.859946,-121.59235,California Highway Patrol,Vehicle
Long Beach,CA,33.8175651,-118.07182,California Highway Patrol,Vehicle
Long Beach,CA,33.8175651,-118.07182,California Highway Patrol,Vehicle
Los Angeles,CA,34.0904291,-118.16472,Los Angeles Police Department,Vehicle
Santa Ana,CA,33.7000514,-117.87699,Santa Ana Police Department,Vehicle
Norco,CA,33.9384458,-117.53245,Riverside County Sheriff's Department,Vehicle
Soda Springs,CA,40.7269708,-98.669587,California Highway Patrol,Vehicle
Oakland,CA,37.7732276,-122.18801,California Highway Patrol,Vehicle
Hayward,CA,37.6830961,-122.0974,Alameda County Sheriff's Office,Vehicle
Bakersfield,CA,35.3707947,-118.94967,Kern County Sheriff's Office,Vehicle
Ocotillo,CA,32.6786631,-116.10082,U.S. Border Patrol,Vehicle
Ocotillo,CA,32.6786631,-116.10082,U.S. Border Patrol,Vehicle
Porterville,CA,36.0650939,-119.00824,Porterville Police Department,Vehicle
Porterville,CA,36.0650939,-119.00824,Porterville Police Department,Vehicle
Modesto,CA,37.7111901,-121.01274,California Highway Patrol,Vehicle
San Jose,CA,37.2572659,-121.80441,San Jose Police Department,Vehicle
Stockton,CA,38.0102069,-121.32085,California Highway Patrol,Vehicle
Stockton,CA,38.0102069,-121.32085,California Highway Patrol,Vehicle
Fresno,CA,36.823024,-119.73603,California Highway Patrol,Vehicle
Los Angeles,CA,34.0729026,-118.21883,,Vehicle
Bishop,CA,37.3380443,-118.42291,Los Angeles Police Department,Vehicle
Oakland,CA,37.7648601,-122.12959,"El Cerrito Police Department, California Highway Patrol",Vehicle
Sacramento,CA,38.611119,-121.43924,Sacramento Police Department,Vehicle
San Francisco,CA,37.7571758,-122.41675,San Francisco Police Department,Vehicle
San Francisco,CA,37.7571758,-122.41675,San Francisco Police Department,Vehicle
Oakland,CA,37.7531364,-122.15295,California Highway Patrol,Vehicle
Pasadena,CA,34.1525253,-118.14599,Pasadena Police Department,Vehicle
Pasadena,CA,34.1525253,-118.14599,Pasadena Police Department,Vehicle
Lancaster,CA,34.7042981,-118.14811,Los Angeles County Sheriff's Department,Vehicle
Oceanside,CA,33.2085111,-117.35918,California Highway Patrol,Vehicle
Palmdale,CA,34.5728824,-118.04508,Los Angeles County Sheriff's Department,Vehicle
Inglewood,CA,33.9388248,-118.33506,Los Angeles County Sheriff's Department,Vehicle
Victorville,CA,34.5657795,-117.34034,San Bernardino County Sheriff's Office,Vehicle
West Sacramento,CA,38.5788491,-121.5556,West Sacramento Police Department,Vehicle
Hemet,CA,33.7366549,-116.97159,Hemet Police Department,Vehicle
Hemet,CA,33.7366549,-116.97159,Hemet Police Department,Vehicle
Oakland,CA,37.8086682,-122.31218,California Highway Patrol,Vehicle
West Oakland,CA,37.828384,-122.27484,California Highway Patrol,Vehicle
Pomona,CA,34.0803227,-117.74061,Claremont Police Department,Vehicle
Los Angeles,CA,34.0492693,-118.21332,California Highway Patrol,Vehicle
Los Angeles,CA,34.0492693,-118.21332,California Highway Patrol,Vehicle
San Clemente,CA,33.4590162,-117.59231,Orange County Sheriff's Department,Vehicle
San Jose,CA,37.3503114,-121.85839,California Highway Patrol,Vehicle
Riverside,CA,33.9310938,-117.40099,Riverside Police Department,Vehicle
Eureka,CA,40.7793292,-124.18696,Eureka Police Department,Vehicle
Valley Center,CA,33.2224358,-117.03681,San Diego County Sheriff's Office,Vehicle
Joshua Tree,CA,34.1349828,-116.31075,San Bernardino County Sheriff's Office,Vehicle
Los Angeles,CA,34.0616361,-118.27957,Los Angeles Police Department,Vehicle
Woodland,CA,38.6598808,-121.77413,Woodland Police Department,Vehicle
Stockton,CA,37.9964229,-121.30546,Stockton Police Department,Vehicle
Newark,CA,37.520683,-122.00994,Newark Police Department,Vehicle
Newark,CA,37.520683,-122.00994,Newark Police Department,Vehicle
Livermore,CA,37.6759999,-121.77964,Livermore Police Department,Vehicle
Bakersfield,CA,35.4195334,-119.03164,Kern County Sheriff's Office,Vehicle
Bakersfield,CA,35.4195334,-119.03164,Kern County Sheriff's Office,Vehicle
San Bernardino,CA,34.1083418,-117.31383,California Highway Patrol,Vehicle
Pittsburg,CA,37.9980902,-121.89651,Pittsburg Police Department,Vehicle
Pittsburg,CA,37.9980902,-121.89651,Pittsburg Police Department,Vehicle
Concord,CA,37.9862207,-122.04066,Concord Police Department,Vehicle
Bakersfield,CA,35.3686201,-118.9975,Bakersfield Police Department,Vehicle
Fresno,CA,36.7951001,-119.86226,Fresno Police Department,Vehicle
Oakland,CA,37.7312571,-122.18709,"San Leandro Police Department, California Highway Patrol",Vehicle
Oakland,CA,37.7312571,-122.18709,"San Leandro Police Department, California Highway Patrol",Vehicle
Oakland,CA,37.7312571,-122.18709,"San Leandro Police Department, California Highway Patrol",Vehicle
East Palo Alto,CA,37.4717003,-122.13939,East Palo Alto Police Department,Vehicle
Elk Grove,CA,38.4228638,-121.30974,California Highway Patrol,Vehicle
Los Angeles,CA,34.0650016,-118.17283,California Highway Patrol,Vehicle
Roseville,CA,38.7791899,-121.26582,California Highway Patrol,Vehicle
Tustin,CA,33.7334447,-117.81547,Tustin Police Department,Vehicle
Manteca,CA,37.7981835,-121.19196,Manteca Police Department,Vehicle
El Dorado Hills,CA,38.708028,-121.08936,Folsom Police Department,Vehicle
Oakland,CA,37.7746215,-122.23264,California Highway Patrol,Vehicle
Oxnard,CA,34.2395819,-119.18269,Oxnard Police Department,Vehicle
Fresno,CA,36.7082506,-119.77623,California Highway Patrol,Vehicle
Alhambra,CA,34.0951527,-118.12681,Alhambra Police Department,Vehicle
San Jose,CA,37.3488669,-121.86318,Santa Clara County Sheriff's Office,Vehicle
East Palo Alto,CA,37.4543279,-122.12986,East Palo Alto Police Department,Vehicle
Stockton,CA,37.9667556,-121.32894,San Joaquin County Sheriff's Office,Vehicle
Indio,CA,33.7295958,-116.23372,,Vehicle
Torrance,CA,33.8254973,-118.35159,El Segundo Police Department,Vehicle
Inglewood,CA,33.9597751,-118.34392,Inglewood Police Department,Vehicle
Ventura,CA,34.264001,-119.24261,Ventura Police Department,Vehicle
Stockton,CA,37.9580834,-121.30102,Stockton Police Department,Vehicle
Castro Valley,CA,37.6926734,-122.07395,Alameda County Sheriff's Office,Vehicle
Visalia,CA,36.2982306,-119.34948,Tulare County Sheriff's Office,Vehicle
Visalia,CA,36.2982306,-119.34948,Tulare County Sheriff's Office,Vehicle
Visalia,CA,36.2982306,-119.34948,Tulare County Sheriff's Office,Vehicle
Santa Margarita,CA,35.3835509,-120.6292,"Pismo Beach Police Department, Grover Beach Police Department",Vehicle
San Jacinto,CA,33.7836713,-116.9201,Beaumont Police Department,Vehicle
Willits,CA,39.5107992,-123.38598,"Mendocino County Sheriff's Office, Willits Police Department, California Highway Patrol",Vehicle
Compton,CA,33.9034796,-118.1881,Long Beach Police Department,Vehicle
Coronado,CA,32.6756721,-117.17063,San Diego County Sheriff's Office,Vehicle
Coronado,CA,32.6756721,-117.17063,San Diego County Sheriff's Office,Vehicle
San Carlos,CA,37.5109318,-122.25315,California Highway Patrol,Vehicle
Orinda,CA,37.8885686,-122.19476,Contra Costa County Sheriff's Office,Vehicle
Fremont,CA,37.5190489,-121.95512,Fremont Police Department,Vehicle
Fremont,CA,37.5190489,-121.95512,Fremont Police Department,Vehicle
San Bernardino,CA,34.1343508,-117.3077,San Bernardino Police Department,Vehicle
Los Angeles,CA,33.9745338,-118.3309,Los Angeles Police Department,Vehicle
Los Angeles,CA,33.9745338,-118.3309,Los Angeles Police Department,Vehicle
Desert Hot Springs,CA,33.9578049,-116.50132,Desert Hot Springs Police Department,Vehicle
Berkeley,CA,37.8711779,-122.30473,Oakland Police Department,Vehicle
Fontana,CA,34.0472167,-117.51888,Fontana Police Department,Vehicle
Carmichael,CA,38.6679805,-121.32728,California Highway Patrol,Vehicle
Riverside,CA,34.004846,-117.34928,Riverside Police Department,Vehicle
Vallejo,CA,38.0968341,-122.19821,California Parks & Recreation,Vehicle
Oakland,CA,37.7429613,-122.15249,California Highway Patrol,Vehicle
Oakland,CA,37.7429613,-122.15249,California Highway Patrol,Vehicle
Pixley,CA,35.9641843,-119.3577,Tulare Police Department,Vehicle
North Highlands,CA,38.6812821,-121.37279,Sacramento County Sheriff's Office,Vehicle
San Jose,CA,37.3416438,-121.88743,California Highway Patrol,Vehicle
San Jose,CA,37.3416438,-121.88743,California Highway Patrol,Vehicle
Roseville,CA,38.7843717,-121.33309,Roseville Police Department,Vehicle
Seaside,CA,36.6239161,-121.84126,Marina Police Department,Vehicle
Glendale,CA,34.1696008,-118.22913,Glendale Police Department,Vehicle
San Jose,CA,37.338885,-121.87969,California Highway Patrol,Vehicle
Upland,CA,34.1214816,-117.6809,Claremont Police Department,Vehicle
Richmond,CA,37.9741954,-122.3652,Richmond Police Department,Vehicle
Baldwin Park,CA,34.0796543,-117.98909,Baldwin Park Police Department,Vehicle
Los Angeles,CA,34.3012121,-118.41177,Los Angeles Police Department,Vehicle
East Compton,CA,33.9035715,-118.19396,South Gate Police Department,Vehicle
East Compton,CA,33.9035715,-118.19396,South Gate Police Department,Vehicle
Oakland,CA,37.7611229,-122.1911,California Highway Patrol,Vehicle
Sylmar,CA,34.3035717,-118.44449,Los Angeles Police Department,Vehicle
Salinas,CA,36.6626394,-121.65777,"California Highway Patrol, Monterey County Sheriff's Office",Vehicle
San Bernardino,CA,34.136022,-117.30304,San Bernardino Police Department,Vehicle
Los Angeles,CA,34.0177483,-118.25537,Los Angeles Police Department,Vehicle
Los Angeles,CA,34.0177483,-118.25537,Los Angeles Police Department,Vehicle
Ontario,CA,34.0703901,-117.68945,Ontario Police Department,Vehicle
Ontario,CA,34.0703901,-117.68945,Ontario Police Department,Vehicle
Holtville,CA,32.730335,-115.46506,U.S. Immigration and Customs Enforcement,Vehicle
Holtville,CA,32.730335,-115.46506,U.S. Immigration and Customs Enforcement,Vehicle
Holtville,CA,32.730335,-115.46506,U.S. Immigration and Customs Enforcement,Vehicle
Hayward,CA,37.6751733,-122.08203,Alameda County Sheriff's Office,Vehicle
Hayward,CA,37.6751733,-122.08203,Alameda County Sheriff's Office,Vehicle
Hayward,CA,37.6751733,-122.08203,Alameda County Sheriff's Office,Vehicle
Fresno,CA,36.881244,-119.73883,California Highway Patrol,Vehicle
Visalia,CA,36.3276112,-119.33167,Visalia Police Department,Vehicle
Goleta,CA,34.434747,-119.86965,Santa Barbara County Sheriff's Office,Vehicle
Goleta,CA,34.434747,-119.86965,Santa Barbara County Sheriff's Office,Vehicle
Venice,CA,33.9957663,-118.44916,Los Angeles Police Department,Vehicle
Woodland Hills,CA,34.1684453,-118.60381,California Highway Patrol,Vehicle
Oakland,CA,37.8102645,-122.27782,Oakland Police Department,Vehicle
Castro Valley,CA,37.6842702,-122.07347,Alameda County Sheriff's Office,Vehicle
Apple Valley,CA,34.4685092,-117.20372,California Highway Patrol,Vehicle
Los Angeles,CA,33.9709148,-118.30901,"Hawthorne Police Department, Gardena Police Department",Vehicle
San Bernardino,CA,34.1305078,-117.30089,San Bernardino Police Department,Vehicle
Orosi,CA,36.559671,-119.3053,Dinuba Police Department,Vehicle
Orosi,CA,36.559671,-119.3053,Dinuba Police Department,Vehicle
Orosi,CA,36.559671,-119.3053,Dinuba Police Department,Vehicle
Orosi,CA,36.559671,-119.3053,Dinuba Police Department,Vehicle
Orosi,CA,36.559671,-119.3053,Dinuba Police Department,Vehicle
Orosi,CA,36.559671,-119.3053,Dinuba Police Department,Vehicle
Orosi,CA,36.559671,-119.3053,Dinuba Police Department,Vehicle
Orosi,CA,36.559671,-119.3053,Dinuba Police Department,Vehicle
Sacramento,CA,38.7037118,-121.34594,Citrus Heights Police Department,Vehicle
Anaheim,CA,33.8395445,-117.97606,Anaheim Police Department,Vehicle
Rancho Mirage,CA,33.7576933,-116.43553,Cathedral City Police Department,Vehicle
San Jose,CA,37.3909063,-121.87915,California Highway Patrol,Vehicle
Oakland,CA,37.8412573,-122.26974,Oakland Police Department,Vehicle
Oakland,CA,37.840788,-122.26945,Oakland Police Department,Vehicle
Phelan,CA,34.4466883,-117.53868,Riverside County Sheriff's Department,Vehicle
Bonsall,CA,33.2812379,-117.2263,California Highway Patrol,Vehicle
North Highlands,CA,38.6611466,-121.37367,"California Highway Patrol, Sacramento County Sheriff's Office",Vehicle
La Habra,CA,33.9318603,-117.94613,La Habra Police Department,Vehicle
La Habra,CA,33.9318603,-117.94613,La Habra Police Department,Vehicle
Rialto,CA,34.1067736,-117.37047,San Bernardino County Sheriff's Office,Vehicle
San Rafael,CA,37.9762014,-122.47933,San Rafael Police Department,Vehicle
Anaheim,CA,33.8249575,-117.97089,Anaheim Police Department,Vehicle
Fontana,CA,34.1188736,-117.41841,California Highway Patrol,Vehicle
Fontana,CA,34.1188736,-117.41841,California Highway Patrol,Vehicle
Fontana,CA,34.1188736,-117.41841,California Highway Patrol,Vehicle
Los Angeles,CA,34.0301989,-118.38996,Culver City Police Department,Vehicle
Los Angeles,CA,34.0301989,-118.38996,Culver City Police Department,Vehicle
Ontario,CA,34.0771443,-117.54494,California Highway Patrol,Vehicle
Vacaville,CA,38.34507,-121.99693,California Highway Patrol,Vehicle
Oakland,CA,37.8273555,-122.29252,Oakland Police Department,Vehicle
Long Beach,CA,33.7717061,-118.15241,Long Beach Police Department,Vehicle
Los Angeles,CA,34.0046236,-118.34737,Los Angeles Police Department,Vehicle
Los Angeles,CA,34.0394967,-118.26565,Los Angeles Police Department,Vehicle
El Sobrante,CA,37.9652891,-122.29957,Richmond Police Department,Vehicle
Oakley,CA,37.9832794,-121.7163,Oakley Police Department,Vehicle
Fontana,CA,34.1808236,-117.43643,Upland Police Department,Vehicle
Fontana,CA,34.1808236,-117.43643,Upland Police Department,Vehicle
Los Angeles,CA,34.0719169,-118.21169,Los Angeles Police Department,Vehicle
Kingsburg,CA,36.5129953,-119.55522,California Highway Patrol,Vehicle
Pinole,CA,37.98228,-122.27312,Contra Costa County Sheriff's Office,Vehicle
Highland,CA,34.1156325,-117.21079,San Bernardino County Sheriff's Office,Vehicle
Los Angeles,CA,34.1014635,-118.33094,Los Angeles Police Department,Vehicle
Los Angeles,CA,34.1014635,-118.33094,Los Angeles Police Department,Vehicle
Hacienda Heights,CA,34.0081063,-117.96758,Los Angeles Police Department,Vehicle
Hacienda Heights,CA,34.0081063,-117.96758,Los Angeles Police Department,Vehicle
San Bernardino,CA,34.147472,-117.24561,San Bernardino County Sheriff's Office,Vehicle
San Bernardino,CA,34.147472,-117.24561,San Bernardino County Sheriff's Office,Vehicle
Bakersfield,CA,35.3062159,-118.91438,Kern County Sheriff's Office,Vehicle
Calexico,CA,32.6790197,-115.67144,U.S. Border Patrol,Vehicle
San Francisco,CA,37.7678312,-122.4797,San Francisco Police Department,Vehicle
Sacramento,CA,38.6458588,-121.52817,Sacramento Police Department,Vehicle
Hayward,CA,37.6341899,-122.11175,Hayward Police Department,Vehicle
Cupertino,CA,37.2954924,-122.08427,Santa Clara County Sheriff's Office,Vehicle
Cupertino,CA,37.2954924,-122.08427,Santa Clara County Sheriff's Office,Vehicle
Fontana,CA,34.0382492,-117.46356,"Fontana Police Department, California Highway Patrol",Vehicle
Burbank,CA,34.1543668,-118.34501,Glendale Police Department,Vehicle
Goleta,CA,34.4353596,-119.83106,California Highway Patrol,Vehicle
San Francisco,CA,37.772205,-122.43731,San Francisco Police Department,Vehicle
San Francisco,CA,37.772205,-122.43731,San Francisco Police Department,Vehicle
Modesto,CA,37.7111093,-120.97664,Stanislaus County Sheriff's Office,Vehicle
Modesto,CA,37.7111093,-120.97664,Stanislaus County Sheriff's Office,Vehicle
Modesto,CA,37.7111093,-120.97664,Stanislaus County Sheriff's Office,Vehicle
Temple City,CA,34.1036744,-118.07362,San Gabriel Police Department,Vehicle
Fresno,CA,36.8585334,-119.77796,Fresno Police Department,Vehicle
Rosemead,CA,34.0696612,-118.0906,California Highway Patrol,Vehicle
Visalia,CA,36.3994012,-119.18862,Tulare County Sheriff's Office,Vehicle
Visalia,CA,36.3973599,-119.39382,Tulare County Sheriff's Office,Vehicle
Visalia,CA,36.3973599,-119.39382,Tulare County Sheriff's Office,Vehicle
East Palo Alto,CA,37.4717003,-122.13939,East Palo Alto Police Department,Vehicle
San Bernardino,CA,34.0995665,-117.33991,Rialto Police Department,Vehicle
Santee,CA,32.8469209,-117.02237,U.S. Border Patrol,Vehicle
Santee,CA,32.8469209,-117.02237,U.S. Border Patrol,Vehicle
National City,CA,32.6768697,-117.08704,National City Police Department,Vehicle
Los Angeles,CA,33.9454975,-118.2916,Los Angeles County Sheriff's Department,Vehicle
Ocotillo Wells,CA,33.1425617,-116.12148,U.S. Customs and Border Protection,Vehicle
Ocotillo Wells,CA,33.1425617,-116.12148,U.S. Customs and Border Protection,Vehicle
San Francisco,CA,37.7312414,-122.38776,San Francisco Police Department,Vehicle
San Francisco,CA,37.7508987,-122.42738,San Francisco Police Department,Vehicle
Redlands,CA,34.04157,-117.15534,San Bernardino County Sheriff's Office,Vehicle
Bakersfield,CA,35.2937701,-119.0296,Bakersfield Police Department,Vehicle
Dinuba,CA,36.560198,-119.38836,Dinuba Police Department,Vehicle
Thermal,CA,33.5912841,-116.11243,Riverside County Sheriff's Department,Vehicle
Atherton,CA,37.4689228,-122.19247,San Mateo County Sheriff's Office,Vehicle
San Francisco,CA,37.7690371,-122.41084,San Francisco Police Department,Vehicle
Oakland,CA,37.8271372,-122.26909,Oakland Police Department,Vehicle
Yolo,CA,38.7308049,-121.81079,Yolo County Sheriff's Office,Vehicle
San Jose,CA,37.3208105,-121.96982,San Jose Police Department,Vehicle
San Jose,CA,37.3204833,-121.97264,San Jose Police Department,Vehicle
West Covina,CA,34.0754342,-117.89893,West Covina Police Department,Vehicle
Selma,CA,36.5470727,-119.61986,Selma Police Department,Vehicle
Santa Maria,CA,34.9207318,-120.43594,Santa Barbara County Sheriff's Office,Vehicle
Vallejo,CA,38.1419522,-122.24983,American Canyon Police Department,Vehicle
National City,CA,32.6820277,-117.08208,San Diego Police Department,Vehicle
South El Monte,CA,34.036267,-118.03856,El Monte Police Department,Vehicle
South El Monte,CA,34.036267,-118.03856,El Monte Police Department,Vehicle
Pittsburg,CA,38.0151673,-121.89018,California Highway Patrol,Vehicle
Gilroy,CA,37.0251691,-121.58169,Gilroy Police Department,Vehicle
Pittsburg,CA,38.0137208,-121.84247,California Highway Patrol,Vehicle
Exeter,CA,36.2973449,-119.15404,Exeter Police Department,Vehicle
Brentwood,CA,37.9366439,-121.69669,Oakley Police Department,Vehicle
Fresno,CA,36.8198309,-119.91648,California Highway Patrol,Vehicle
Santa Fe Springs,CA,33.9354753,-118.06407,Whittier Police Department,Vehicle
Oceanside,CA,33.2017765,-117.34282,"San Diego County Sheriff's Office, California Highway Patrol",Vehicle
Bakersfield,CA,35.4306992,-119.07452,California Highway Patrol,Vehicle
Lodi,CA,38.1456399,-121.3344,Lodi Police Department,Vehicle
Lodi,CA,38.1456399,-121.3344,Lodi Police Department,Vehicle
Visalia,CA,36.3346491,-119.30871,Visalia Police Department,Vehicle
Magalia,CA,39.777721,-121.59063,"Paradise Police Department, Butte County Sheriff's Office",Vehicle
Magalia,CA,39.777721,-121.59063,"Paradise Police Department, Butte County Sheriff's Office",Vehicle
Long Beach,CA,33.7608137,-118.15047,Long Beach Police Department,Vehicle
San Jose,CA,37.3183119,-121.83959,Santa Clara County Sheriff's Office,Vehicle
Carlsbad,CA,33.1366511,-117.27324,Carlsbad Police Department,Vehicle
Corte Madera,CA,37.9145161,-122.51212,California Highway Patrol,Vehicle
Martinez,CA,37.9828365,-122.0948,Martinez Police Department,Vehicle
Moreno Valley,CA,33.9245084,-117.26486,Riverside County Sheriff's Department,Vehicle
Oceanside,CA,33.2370212,-117.29269,Oceanside Police Department,Vehicle
Hayward,CA,37.6328523,-122.11046,Alameda County Sheriff's Office,Vehicle
Monterey Park,CA,34.0335875,-118.12957,Monterey Park Police Department,Vehicle
Vacaville,CA,38.3717555,-121.95441,Vacaville Police Department,Vehicle
Escondido,CA,33.1250797,-117.08997,Escondido Police Department,Vehicle
Dixon,CA,38.3530189,-121.99153,California Highway Patrol,Vehicle
San Jose,CA,37.3382082,-121.88633,San Jose Police Department,Vehicle
Oxnard,CA,34.1766046,-119.23296,Oxnard Police Department,Vehicle
Oakland,CA,37.7568289,-122.20075,Alameda County Sheriff's Office,Vehicle
Oakland,CA,37.7568289,-122.20075,Alameda County Sheriff's Office,Vehicle
Oakland,CA,37.7556121,-122.16137,Oakland Police Department,Vehicle
Oakland,CA,37.7556121,-122.16137,Oakland Police Department,Vehicle
Holtville,CA,32.816545,-115.37267,U.S. Customs and Border Protection,Vehicle
Holtville,CA,32.816545,-115.37267,U.S. Customs and Border Protection,Vehicle
Newport Beach,CA,33.6194092,-117.9179,Newport Beach Police Department,Vehicle
Novato,CA,38.0551748,-122.52525,Novato Police Department,Vehicle
Oakland,CA,37.83013,-122.27101,"Oakland Police Department, California Highway Patrol",Vehicle
Oakland,CA,37.83013,-122.27101,"Oakland Police Department, California Highway Patrol",Vehicle
Bakersfield,CA,35.3706356,-118.93195,Bakersfield Police Department,Vehicle
San Leandro,CA,37.7114987,-122.16727,California Highway Patrol,Vehicle
Ontario,CA,34.0610913,-117.65593,Ontario Police Department,Vehicle
West Hollywood,CA,34.0907945,-118.36157,Los Angeles Police Department,Vehicle
Oakland,CA,37.7415252,-122.19621,Oakland Police Department,Vehicle
Arcadia,CA,34.1500792,-118.05018,Irwindale Police Department,Vehicle
Anaheim,CA,33.8545031,-117.90669,Fullerton Police Department,Vehicle
Anaheim,CA,33.8545031,-117.90669,Fullerton Police Department,Vehicle
Anaheim,CA,33.8545031,-117.90669,Fullerton Police Department,Vehicle
Stockton,CA,37.9266624,-121.29982,Stockton Police Department,Vehicle
San Miguel,CA,35.7732118,-120.70872,California Highway Patrol,Vehicle
Pasadena,CA,34.1421126,-118.0987,Arcadia Police Department,Vehicle
San Francisco,CA,37.7080329,-122.46868,San Francisco Police Department,Vehicle
San Francisco,CA,37.7080329,-122.46868,San Francisco Police Department,Vehicle
Palm Springs,CA,33.8086472,-116.51802,Palm Springs Police Department,Vehicle
San Jose,CA,37.3862876,-121.86083,Santa Clara County Sheriff's Office,Vehicle
McFarland,CA,35.7177584,-119.27639,Delano Police Department,Vehicle
Birds Landing,CA,38.1835844,-121.80619,Rio Vista Police Department,Vehicle
Oakland,CA,37.7984906,-122.20878,California Highway Patrol,Vehicle
Lost Hills,CA,35.7310044,-119.95701,California Highway Patrol,Vehicle
San Luis Obispo,CA,35.1961267,-120.70058,California Highway Patrol,Vehicle
San Luis Obispo,CA,35.1961267,-120.70058,California Highway Patrol,Vehicle
Carson,CA,33.8620792,-118.28351,Los Angeles County Sheriff's Department,Vehicle
Castaic,CA,34.4704299,-118.61663,Kern County Sheriff's Office,Vehicle
Turlock,CA,37.4708973,-120.86724,Turlock Police Department,Vehicle
Mira Loma,CA,34.0061093,-117.50286,California Highway Patrol,Vehicle
Mira Loma,CA,34.0061093,-117.50286,California Highway Patrol,Vehicle
Mira Loma,CA,34.0061093,-117.50286,California Highway Patrol,Vehicle
Santa Cruz,CA,36.9905665,-122.02145,Capitola Police Department,Vehicle
Long Beach,CA,33.8105958,-118.12536,Los Angeles County Sheriff's Department,Vehicle
Palmdale,CA,34.5799156,-118.04063,Los Angeles County Sheriff's Department,Vehicle
Indio,CA,33.7161645,-116.23376,Indio Police Department,Vehicle
Elk Grove,CA,38.3793683,-121.43151,Sacramento Police Department,Vehicle
Lindsay,CA,36.2108099,-119.1272,Porterville Police Department,Vehicle
Lindsay,CA,36.2108099,-119.1272,Porterville Police Department,Vehicle
Santa Clara,CA,37.3637582,-121.98127,Santa Clara Police Department,Vehicle
Torrance,CA,33.8193438,-118.31594,Hawthorne Police Department,Vehicle
Ontario,CA,34.0744702,-117.57587,San Bernardino County Sheriff's Office,Vehicle
Modesto,CA,37.6382428,-120.98892,Stanislaus County Sheriff's Office,Vehicle
Desert Center,CA,33.7106875,-115.40031,U.S. Border Patrol,Vehicle
Mission Viejo,CA,33.6092001,-117.66264,Orange County Sheriff's Department,Vehicle
Mission Viejo,CA,33.6092001,-117.66264,Orange County Sheriff's Department,Vehicle
Redding,CA,40.513302,-122.3661,Redding Police Department,Vehicle
Camarillo,CA,34.2236349,-119.05065,Ventura County Sheriff's Office,Vehicle
Gardena,CA,33.867175,-118.29058,Los Angeles Police Department,Vehicle
Huntington Beach,CA,33.701164,-117.99283,Santa Ana Police Department,Vehicle
Midway City,CA,33.7447921,-117.98102,Westminster Police Department,Vehicle
Berkeley,CA,37.852157,-122.28661,Albany Police Department,Vehicle
Thousand Palms,CA,33.8165608,-116.34645,California Highway Patrol,Vehicle
Yucca Valley,CA,34.1246666,-116.41014,San Bernardino County Sheriff's Office,Vehicle
Antioch,CA,38.0123108,-121.7902,Antioch Police Department,Vehicle
Antioch,CA,38.0123108,-121.7902,Antioch Police Department,Vehicle
Woodland Hills,CA,34.1727981,-118.57038,Los Angeles Police Department,Vehicle
Sylmar,CA,34.3080225,-118.42979,California Highway Patrol,Vehicle
San Bernardino,CA,34.1157942,-117.32255,San Bernardino Police Department,Vehicle
Sacramento,CA,38.6552489,-121.50914,"Sacramento County Sheriff's Office, Elk Grove Police Department",Vehicle
Hollister,CA,36.940973,-121.40815,California Highway Patrol,Vehicle
Hollister,CA,36.940973,-121.40815,California Highway Patrol,Vehicle
Hollister,CA,36.940973,-121.40815,California Highway Patrol,Vehicle
Oakland,CA,37.8254318,-122.28239,Oakland Police Department,Vehicle
Modesto,CA,37.609429,-120.99361,Modesto Police Department,Vehicle
El Cajon,CA,32.7949604,-116.97104,El Cajon Police Department,Vehicle
San Diego,CA,32.7441753,-117.21248,Harbor Police Department,Vehicle
Bakersfield,CA,35.4127046,-119.10988,Bakersfield Police Department,Vehicle
El Centro,CA,32.7928255,-115.55252,Imperial County Sheriff's Office,Vehicle
El Cajon,CA,32.8449189,-116.88123,"U.S. Customs and Border Protection, San Diego County Sheriff's Office, California Highway Patrol",Vehicle
Coarsegold,CA,37.2819253,-119.66479,Madera County Sheriff's Office,Vehicle
Port Hueneme,CA,34.1656682,-119.19517,Port Hueneme Police Department,Vehicle
San Jacinto,CA,33.7723389,-116.94367,San Jacinto Police Department,Vehicle
San Jacinto,CA,33.7723389,-116.94367,San Jacinto Police Department,Vehicle
Salinas,CA,36.6921347,-121.569,California Highway Patrol,Vehicle
San Francisco,CA,37.7674439,-122.40186,San Francisco Police Department,Vehicle
Pacoima,CA,34.2601936,-118.43363,California Highway Patrol,Vehicle
Windsor,CA,38.5363314,-122.826,Windsor Police Department,Vehicle
Sun Valley,CA,34.2367744,-118.3972,Los Angeles Police Department,Vehicle
Sun Valley,CA,34.2367744,-118.3972,Los Angeles Police Department,Vehicle
Fresno,CA,36.7395593,-119.73641,Fresno Police Department,Vehicle
Compton,CA,33.8896248,-118.2417,Long Beach Police Department,Vehicle
Simi Valley,CA,34.2556869,-118.76178,Simi Valley Police Department,Vehicle
Fresno,CA,36.793738,-119.85331,California Highway Patrol,Vehicle
Paramount,CA,33.8963701,-118.16006,"Los Angeles Police Department, Long Beach Police Department",Vehicle
Anaheim,CA,33.8373415,-117.91046,Anaheim Police Department,Vehicle
Anaheim,CA,33.8373415,-117.91046,Anaheim Police Department,Vehicle
Desert Hot Springs,CA,33.9249837,-116.49319,Riverside County Sheriff's Department,Vehicle
Escondido,CA,33.2185909,-117.0337,Escondido Police Department,Vehicle
Escondido,CA,33.2185909,-117.0337,Escondido Police Department,Vehicle
Los Angeles,CA,34.0280561,-118.21939,California Highway Patrol,Vehicle
Los Angeles,CA,34.0280561,-118.21939,California Highway Patrol,Vehicle
Los Angeles,CA,34.0280561,-118.21939,California Highway Patrol,Vehicle
Oakland,CA,37.7729316,-122.21618,Oakland Police Department,Vehicle
Oakland,CA,37.7729316,-122.21618,Oakland Police Department,Vehicle
Lemoore,CA,36.2430734,-119.81629,Lemoore Police Department,Vehicle
Escondido,CA,33.1290079,-117.07727,Escondido Police Department,Vehicle
Long Beach,CA,33.7971215,-118.18067,Long Beach Police Department,Vehicle
Glamis,CA,33.0106044,-115.05047,U.S. Border Patrol,Vehicle
Glamis,CA,33.0106044,-115.05047,U.S. Border Patrol,Vehicle
Glamis,CA,33.0106044,-115.05047,U.S. Border Patrol,Vehicle
Glamis,CA,33.0106044,-115.05047,U.S. Border Patrol,Vehicle
Los Angeles,CA,33.9573789,-118.27824,Los Angeles Police Department,Vehicle
Oakland,CA,37.8156129,-122.28395,Oakland Police Department,Vehicle
Yorba Linda,CA,33.880783,-117.73572,Brea Police Department,Vehicle
Highland,CA,34.1358273,-117.2001,San Bernardino County Sheriff's Office,Vehicle
Los Angeles,CA,34.0944446,-118.3592,California Highway Patrol,Vehicle
Los Angeles,CA,34.0944446,-118.3592,California Highway Patrol,Vehicle
Fresno,CA,36.8229322,-119.78141,California Highway Patrol,Vehicle
Montclair,CA,34.0558238,-117.70684,Montclair Police Department,Vehicle
Montclair,CA,34.0558238,-117.70684,Montclair Police Department,Vehicle
Sloughhouse,CA,38.4824274,-121.04368,California Highway Patrol,Vehicle
Madera,CA,36.9862918,-120.01964,Madera County Sheriff's Office,Vehicle
San Francisco,CA,37.7191823,-122.43577,San Francisco Police Department,Vehicle
Borrego Springs,CA,33.1370204,-116.37504,California Highway Patrol,Vehicle
Borrego Springs,CA,33.1370204,-116.37504,California Highway Patrol,Vehicle
Borrego Springs,CA,33.1370204,-116.37504,California Highway Patrol,Vehicle
Thousand Palms,CA,33.816576,-116.34648,Riverside County Sheriff's Department,Vehicle
Ripon,CA,37.7512119,-121.1413,Manteca Police Department,Vehicle
Fresno,CA,36.6344097,-119.74581,Fresno County Sheriff's Office,Vehicle
Fresno,CA,36.6344097,-119.74581,Fresno County Sheriff's Office,Vehicle
Chula Vista,CA,32.6401383,-117.08403,National City Police Department,Vehicle
Julian,CA,32.8781669,-116.20958,U.S. Customs and Border Protection,Vehicle
Oakland,CA,37.7590832,-122.18698,Oakland Police Department,Vehicle
Portola Valley,CA,37.4055718,-122.19402,Millbrae Police Department,Vehicle
Modesto,CA,37.6890971,-120.99429,Modesto Police Department,Vehicle
El Cajon,CA,32.8449189,-116.88123,"California Highway Patrol, U.S. Customs and Border Protection",Vehicle
El Cajon,CA,32.8449189,-116.88123,"California Highway Patrol, U.S. Customs and Border Protection",Vehicle
Arcata,CA,40.8741765,-124.0816,Arcata Police Department,Vehicle
Oakland,CA,37.7551421,-122.15036,Richmond Police Department,Vehicle
Costa Mesa,CA,33.6309428,-117.92496,Los Angeles County Sheriff's Department,Vehicle
Alpine,CA,32.8000747,-116.64928,U.S. Customs and Border Protection,Vehicle
Alpine,CA,32.8282886,-116.62692,U.S. Customs and Border Protection,Vehicle
Alpine,CA,32.8000747,-116.64928,U.S. Customs and Border Protection,Vehicle
Roseville,CA,38.7295487,-121.25589,Roseville Police Department,Vehicle
Los Angeles,CA,33.9739097,-118.25642,Los Angeles Police Department,Vehicle
Los Angeles,CA,33.9739097,-118.25642,Los Angeles Police Department,Vehicle
Los Angeles,CA,34.0108807,-118.33509,Los Angeles Police Department,Vehicle
Reseda,CA,34.186619,-118.52732,Los Angeles Police Department,Vehicle
Santa Ana,CA,33.7119718,-117.89747,Santa Ana Police Department,Vehicle
Corcoran,CA,36.070626,-119.53537,"Corcoran Police Department, Kings County Sheriff's Office",Vehicle
Simi Valley,CA,34.2571822,-118.77749,Simi Valley Police Department,Vehicle
Ontario,CA,34.0680815,-117.59208,Ontario Police Department,Vehicle
Anaheim,CA,33.8595081,-117.81837,Anaheim Police Department,Vehicle
Oakland,CA,37.7947457,-122.2125,Oakland Police Department,Vehicle
San Bernardino,CA,34.254734,-117.46142,San Bernardino Police Department,Vehicle
Folsom,CA,38.6646519,-121.16037,Folsom Police Department,Vehicle
Mission Valley,CA,32.7663838,-117.1623,California Highway Patrol,Vehicle
Lancaster,CA,34.6961377,-118.14048,Los Angeles County Sheriff's Department,Vehicle
Chula Vista,CA,32.616988,-117.0021,Chula Vista Police Department,Vehicle
Chula Vista,CA,32.616988,-117.0021,Chula Vista Police Department,Vehicle
Ramona,CA,33.1155386,-116.85323,San Diego County Sheriff's Office,Vehicle
Modesto,CA,37.6354764,-120.97477,Modesto Police Department,Vehicle
Modesto,CA,37.6354764,-120.97477,Modesto Police Department,Vehicle
Los Angeles,CA,34.0522342,-118.24368,Los Angeles Police Department,Vehicle
Citrus Heights,CA,38.7022921,-121.28064,Sacramento County Sheriff's Office,Vehicle
Hanford,CA,36.3426879,-119.64768,Hanford Police Department,Vehicle
San Francisco,CA,37.7630421,-122.42618,San Francisco Police Department,Vehicle
Sacramento,CA,38.5472095,-121.46457,Sacramento County Sheriff's Office,Vehicle
Los Angeles,CA,34.0459517,-118.25098,Los Angeles Police Department,Vehicle
Bellflower,CA,33.8830488,-118.12551,Long Beach Police Department,Vehicle
Bellflower,CA,33.8830488,-118.12551,Long Beach Police Department,Vehicle
Rio Linda,CA,38.6172166,-121.36329,Sacramento County Sheriff's Office,Vehicle
Los Angeles,CA,33.9528659,-118.27389,Los Angeles Police Department,Vehicle
Castaic,CA,34.4952568,-118.62273,Los Angeles Police Department,Vehicle
Montclair,CA,34.0831708,-117.69835,Ontario Police Department,Vehicle
Downey,CA,33.9315609,-118.12277,Downey Police Department,Vehicle
San Pedro,CA,33.7387593,-118.28572,Los Angeles Police Department,Vehicle
Oxnard,CA,34.2189891,-119.17722,California Highway Patrol,Vehicle
Anaheim,CA,33.8188483,-117.87802,Anaheim Police Department,Vehicle
Fresno,CA,36.793786,-119.84428,Fresno Police Department,Vehicle
Fresno,CA,36.793786,-119.84428,Fresno Police Department,Vehicle
Pauma Valley,CA,33.3297194,-117.00084,California Highway Patrol,Vehicle
Pauma Valley,CA,33.3297194,-117.00084,California Highway Patrol,Vehicle
Corona,CA,33.8764659,-117.52345,Corona Police Department,Vehicle
Spring Valley,CA,32.7445029,-117.0035,California Highway Patrol,Vehicle
Concord,CA,37.9541697,-122.05434,California Highway Patrol,Vehicle
Oakland,CA,37.7702938,-122.19217,Oakland Police Department,Vehicle
Madera,CA,36.9221284,-119.9413,Madera County Sheriff's Office,Vehicle
Madera,CA,36.9221284,-119.9413,Madera County Sheriff's Office,Vehicle
Escondido,CA,33.1983758,-117.12364,Escondido Police Department,Vehicle
Escondido,CA,33.1983758,-117.12364,Escondido Police Department,Vehicle
Chico,CA,39.7447185,-121.84247,Chico Police Department,Vehicle
Oxnard,CA,34.1757456,-119.19489,Oxnard Police Department,Vehicle
Lodi,CA,38.1160444,-121.25896,California Highway Patrol,Vehicle
Hayward,CA,37.6660546,-122.1063,Alameda County Sheriff's Office,Vehicle
Descanso,CA,32.6707083,-114.45436,U.S. Border Patrol,Vehicle
Descanso,CA,32.6707083,-114.45436,U.S. Border Patrol,Vehicle
Elk Grove,CA,38.4377286,-121.40267,Sacramento Police Department,Vehicle
Antioch,CA,37.9831093,-121.83564,Antioch Police Department,Vehicle
Los Angeles,CA,34.0409301,-118.25741,California Highway Patrol,Vehicle
Romoland,CA,33.7429148,-117.16996,Hemet Police Department,Vehicle
Palmdale,CA,34.5801973,-118.08505,Los Angeles County Sheriff's Department,Vehicle
Seaside,CA,36.6285346,-121.83775,California Highway Patrol,Vehicle
Long Beach,CA,33.7826082,-118.17797,Long Beach Police Department,Vehicle
Fremont,CA,37.4686468,-121.9079,San Jose Police Department,Vehicle
Vista,CA,33.2046819,-117.25422,Oceanside Police Department,Vehicle
Vista,CA,33.2046819,-117.25422,Oceanside Police Department,Vehicle
San Bernardino,CA,34.2986168,-117.45822,"California Highway Patrol, Barstow Police Department",Vehicle
Glendale,CA,34.1735802,-118.19285,"Los Angeles Police Department, Glendale Police Department",Vehicle
Los Angeles,CA,34.0458362,-118.24303,Los Angeles Police Department,Vehicle
Santa Rosa,CA,38.4525383,-122.75139,California Highway Patrol,Vehicle
Goshen,CA,36.3854165,-119.39458,California Highway Patrol,Vehicle
Van Nuys,CA,34.2282978,-118.46986,Los Angeles Police Department,Vehicle
Yorba Linda,CA,33.8627007,-117.78621,Brea Police Department,Vehicle
Yorba Linda,CA,33.8627007,-117.78621,Brea Police Department,Vehicle
Los Angeles,CA,34.021716,-118.37236,Culver City Police Department,Vehicle
Richmond,CA,37.943647,-122.33562,Richmond Police Department,Vehicle
Buena Park,CA,33.8634801,-118.00254,Buena Park Police Department,Vehicle
Berkeley,CA,37.852157,-122.28661,California Highway Patrol,Vehicle
Los Angeles,CA,34.2283114,-118.53617,Los Angeles Police Department,Vehicle
Cayucos,CA,35.478279,-120.99181,Morro Bay Police Department,Vehicle
Pacoima,CA,34.2792069,-118.42069,California Highway Patrol,Vehicle
Alhambra,CA,34.0688668,-118.15144,California Highway Patrol,Vehicle
Stockton,CA,37.954018,-121.23537,Stockton Unified School District Police Department,Vehicle
Stockton,CA,37.954018,-121.23537,Stockton Unified School District Police Department,Vehicle
Stockton,CA,37.954018,-121.23537,Stockton Unified School District Police Department,Vehicle
Stockton,CA,37.954018,-121.23537,Stockton Unified School District Police Department,Vehicle
Oceanside,CA,33.2004171,-117.37353,California Highway Patrol,Vehicle
Vernalis,CA,37.5663377,-121.28614,Manteca Police Department,Vehicle
Vernalis,CA,37.5663377,-121.28614,Manteca Police Department,Vehicle
Los Angeles,CA,33.9164228,-118.27421,Los Angeles Police Department,Vehicle
Encino,CA,34.1745588,-118.51832,Los Angeles Police Department,Vehicle
Pittsburg,CA,38.0404555,-121.96197,Contra Costa County Sheriff's Office,Vehicle
Costa Mesa,CA,33.6931781,-117.86829,Santa Ana Police Department,Vehicle
King City,CA,36.1705509,-121.05964,California Highway Patrol,Vehicle
Corning,CA,39.9280614,-122.19757,Corning Police Department,Vehicle
Ceres,CA,37.594592,-120.95945,Stanislaus County Sheriff's Office,Vehicle
Pleasanton,CA,37.7201222,-121.8718,Pleasanton Police Department,Vehicle
Placerville,CA,38.7335887,-120.75394,California Highway Patrol,Vehicle
Rolling Hills,CA,36.9232054,-119.79396,California Highway Patrol,Vehicle
Rolling Hills,CA,36.9232054,-119.79396,California Highway Patrol,Vehicle
San Francisco,CA,37.8080561,-122.47636,San Francisco Police Department,Vehicle
Fresno,CA,36.7317906,-119.79822,California Highway Patrol,Vehicle
Moorpark,CA,34.285409,-118.88089,Ventura County Sheriff's Office,Vehicle
Concord,CA,37.9731659,-121.96833,California Highway Patrol,Vehicle
Concord,CA,37.9731659,-121.96833,California Highway Patrol,Vehicle
Los Angeles,CA,34.182648,-118.44873,Los Angeles Police Department,Vehicle
Palm Springs,CA,33.8423341,-116.52817,Palm Springs Police Department,Vehicle
Thousand Oaks,CA,34.1565944,-118.83222,Ventura County Sheriff's Office,Vehicle
Long Beach,CA,33.8106783,-118.15113,Long Beach Police Department,Vehicle
Mount Signal,CA,32.679352,-115.65232,,Vehicle
Mount Signal,CA,32.679352,-115.65232,,Vehicle
Mount Signal,CA,32.679352,-115.65232,,Vehicle
Carlsbad,CA,33.1466697,-117.2899,Carlsbad Police Department,Vehicle
Santa Rosa,CA,38.4518593,-122.61912,California Highway Patrol,Vehicle
Farmersville,CA,36.3065702,-119.20614,Farmersville Police Department,Vehicle
National City,CA,32.680431,-117.09055,San Diego County Sheriff's Office,Vehicle
Sacramento,CA,38.4739487,-121.43378,Sacramento Police Department,Vehicle
Willits,CA,39.4708829,-123.36175,Mendocino County Sheriff's Office,Vehicle